{
  "coherence_c_v": 0.5764890400095073,
  "silhouette_score": 0.009184588678181171,
  "num_topics": 63,
  "diversity": 0.902127659574468,
  "batch_id": "batch_20171001_0010_to_20171001_0015",
  "timestamp": "2026-02-13T22:11:43.285215",
  "training_time_seconds": 131.8988721370697
}